{"unit":"movie","days":45,"units":699,"losing":410,"steady":185,"gaining":104,"losing_share":0.586552217453505,"median_pct_change":-0.0789778676463107,"view_weighted_pct_change":-0.06565692145979028,"by_movie_trailer_count":{"1":{"units":528,"losing":312,"steady":143,"gaining":73,"losing_share":0.5909090909090909,"median_pct_change":-0.07780816726730658,"view_weighted_pct_change":0.011733873245939701},"2-3":{"units":133,"losing":80,"steady":30,"gaining":23,"losing_share":0.6015037593984962,"median_pct_change":-0.08986127617754808,"view_weighted_pct_change":-0.0461168417037473},"4+":{"units":38,"losing":18,"steady":12,"gaining":8,"losing_share":0.47368421052631576,"median_pct_change":-0.034846805936995254,"view_weighted_pct_change":-0.13249685831043523}}}