{"unit":"movie","days":45,"units":701,"losing":418,"steady":180,"gaining":103,"losing_share":0.5962910128388017,"median_pct_change":-0.08804635072780058,"view_weighted_pct_change":-0.08477598831422627,"by_movie_trailer_count":{"1":{"units":531,"losing":321,"steady":138,"gaining":72,"losing_share":0.6045197740112994,"median_pct_change":-0.0846819744002613,"view_weighted_pct_change":0.012931501522994639},"2-3":{"units":132,"losing":78,"steady":31,"gaining":23,"losing_share":0.5909090909090909,"median_pct_change":-0.10948093009592193,"view_weighted_pct_change":-0.0927530343298721},"4+":{"units":38,"losing":19,"steady":11,"gaining":8,"losing_share":0.5,"median_pct_change":-0.05025087385620443,"view_weighted_pct_change":-0.1306418774794448}}}