{"unit":"movie","days":45,"units":697,"losing":414,"steady":179,"gaining":104,"losing_share":0.593974175035868,"median_pct_change":-0.08338691082129344,"view_weighted_pct_change":-0.06689622585973494,"by_movie_trailer_count":{"1":{"units":526,"losing":317,"steady":135,"gaining":74,"losing_share":0.6026615969581749,"median_pct_change":-0.0832187975125677,"view_weighted_pct_change":0.014362005877176141},"2-3":{"units":133,"losing":78,"steady":33,"gaining":22,"losing_share":0.5864661654135338,"median_pct_change":-0.1014251659162615,"view_weighted_pct_change":-0.03983332133415007},"4+":{"units":38,"losing":19,"steady":11,"gaining":8,"losing_share":0.5,"median_pct_change":-0.047310589389383505,"view_weighted_pct_change":-0.13180269438437814}}}