{"unit":"movie","days":45,"units":714,"losing":414,"steady":195,"gaining":105,"losing_share":0.5798319327731093,"median_pct_change":-0.07974678865890558,"view_weighted_pct_change":-0.07401719855102572,"by_movie_trailer_count":{"1":{"units":540,"losing":317,"steady":149,"gaining":74,"losing_share":0.587037037037037,"median_pct_change":-0.07934762090070346,"view_weighted_pct_change":-0.018824483768388963},"2-3":{"units":135,"losing":79,"steady":33,"gaining":23,"losing_share":0.5851851851851851,"median_pct_change":-0.08471531619674244,"view_weighted_pct_change":-0.04309161082325872},"4+":{"units":39,"losing":18,"steady":13,"gaining":8,"losing_share":0.46153846153846156,"median_pct_change":-0.03757187528134585,"view_weighted_pct_change":-0.13313542438997847}}}